{
    "camera_matrix": [
        [
            563.7059288354287,
            0.0,
            319.61376308267154
        ],
        [
            0.0,
            564.0220739613437,
            241.1529722022497
        ],
        [
            0.0,
            0.0,
            1.0
        ]
    ],
    "distortion_coefficients": [
        [
            -0.12308621793869487,
            -0.06343346035303715,
            0.0027607227861601207,
            -0.003737890614861798,
            0.27891021552130163
        ]
    ]
}