{
    "camera_matrix": [
        [
            556.7874180097533,
            0.0,
            320.9069395907152
        ],
        [
            0.0,
            557.399270596346,
            244.68340200573763
        ],
        [
            0.0,
            0.0,
            1.0
        ]
    ],
    "distortion_coefficients": [
        [
            -0.13546482438024054,
            0.0042779796597381,
            0.0036783379170724703,
            -0.0035323947097784052,
            0.15582570362944528
        ]
    ]
}