{
    "camera_matrix": [
        [
            547.3766544201941,
            0.0,
            307.99351887702835
        ],
        [
            0.0,
            546.7204893286073,
            236.9245628626237
        ],
        [
            0.0,
            0.0,
            1.0
        ]
    ],
    "distortion_coefficients": [
        [
            -0.08074063872304314,
            -0.26874129451911216,
            0.0003718117462694228,
            -0.007492105507235029,
            0.5392820812227291
        ]
    ]
}